-- phpMyAdmin SQL Dump
-- version 4.8.5
-- https://www.phpmyadmin.net/
--
-- Host: 127.0.0.1:3306
-- Generation Time: Oct 07, 2020 at 09:35 AM
-- Server version: 5.7.26
-- PHP Version: 7.3.5

SET SQL_MODE = "NO_AUTO_VALUE_ON_ZERO";
SET AUTOCOMMIT = 0;
START TRANSACTION;
SET time_zone = "+00:00";


/*!40101 SET @OLD_CHARACTER_SET_CLIENT=@@CHARACTER_SET_CLIENT */;
/*!40101 SET @OLD_CHARACTER_SET_RESULTS=@@CHARACTER_SET_RESULTS */;
/*!40101 SET @OLD_COLLATION_CONNECTION=@@COLLATION_CONNECTION */;
/*!40101 SET NAMES utf8mb4 */;

--
-- Database: `myzooba1`
--

-- --------------------------------------------------------

--
-- Table structure for table `activities`
--

DROP TABLE IF EXISTS `activities`;
CREATE TABLE IF NOT EXISTS `activities` (
  `activitiesId` int(11) NOT NULL AUTO_INCREMENT,
  `action` enum('active','deactive','edit','delete','update','login','logout','wrongPassword') NOT NULL,
  `activity` varchar(300) NOT NULL,
  `affectedId` int(11) NOT NULL,
  `adminEmployeeId` int(11) NOT NULL,
  `dealerEmployeeId` int(11) DEFAULT NULL,
  `storeEmployeeId` int(11) DEFAULT NULL,
  `ipAdress` text NOT NULL,
  `employeeType` enum('admin','dealer','vendor') NOT NULL,
  `createdDateTime` int(11) NOT NULL,
  PRIMARY KEY (`activitiesId`)
) ENGINE=MyISAM DEFAULT CHARSET=latin1;

-- --------------------------------------------------------

--
-- Table structure for table `admin`
--

DROP TABLE IF EXISTS `admin`;
CREATE TABLE IF NOT EXISTS `admin` (
  `adminId` int(11) NOT NULL AUTO_INCREMENT,
  `countryId` int(11) NOT NULL,
  PRIMARY KEY (`adminId`)
) ENGINE=MyISAM AUTO_INCREMENT=2 DEFAULT CHARSET=latin1;

--
-- Dumping data for table `admin`
--

INSERT INTO `admin` (`adminId`, `countryId`) VALUES
(1, 107);

-- --------------------------------------------------------

--
-- Table structure for table `adminemployee`
--

DROP TABLE IF EXISTS `adminemployee`;
CREATE TABLE IF NOT EXISTS `adminemployee` (
  `adminEmployeeId` int(11) NOT NULL AUTO_INCREMENT,
  `adminId` int(11) NOT NULL,
  `userName` varchar(15) NOT NULL,
  `password` text NOT NULL,
  `email` text NOT NULL,
  `status` enum('active','blocked') NOT NULL DEFAULT 'active',
  `createdByAdminEmployeeId` int(11) NOT NULL,
  `createdDateTime` datetime NOT NULL,
  `lastUpdatedDateTime` datetime DEFAULT NULL,
  `is_deleted` int(1) NOT NULL DEFAULT '0',
  PRIMARY KEY (`adminEmployeeId`),
  UNIQUE KEY `UserName` (`userName`)
) ENGINE=MyISAM AUTO_INCREMENT=11 DEFAULT CHARSET=latin1;

--
-- Dumping data for table `adminemployee`
--

INSERT INTO `adminemployee` (`adminEmployeeId`, `adminId`, `userName`, `password`, `email`, `status`, `createdByAdminEmployeeId`, `createdDateTime`, `lastUpdatedDateTime`, `is_deleted`) VALUES
(1, 1, '123', '$2y$10$6DZHrxIUdApTdndk.oo69u9EwryBh5MPJkVRNa9cg3wGR/fAs87ZO', 'mubashir.in@gmail.com', 'active', 0, '2020-06-26 00:00:00', '2020-09-16 14:13:10', 0);

-- --------------------------------------------------------

--
-- Table structure for table `area`
--

DROP TABLE IF EXISTS `area`;
CREATE TABLE IF NOT EXISTS `area` (
  `areaId` int(11) NOT NULL AUTO_INCREMENT,
  `countryId` int(11) NOT NULL,
  `stateId` int(11) NOT NULL,
  `cityId` int(11) NOT NULL,
  `areaName` text NOT NULL,
  `areaCode` text NOT NULL,
  `status` enum('active','') DEFAULT 'active',
  `createdDateTime` datetime DEFAULT NULL,
  `createdByAdminEmployeeId` int(11) NOT NULL,
  `lastUpdatedDateTime` datetime DEFAULT NULL,
  `updatedByAdminEmployeeId` int(11) DEFAULT NULL,
  `is_deleted` int(1) NOT NULL DEFAULT '0',
  PRIMARY KEY (`areaId`)
) ENGINE=InnoDB AUTO_INCREMENT=3 DEFAULT CHARSET=latin1;

--
-- Dumping data for table `area`
--

INSERT INTO `area` (`areaId`, `countryId`, `stateId`, `cityId`, `areaName`, `areaCode`, `status`, `createdDateTime`, `createdByAdminEmployeeId`, `lastUpdatedDateTime`, `updatedByAdminEmployeeId`, `is_deleted`) VALUES
(1, 107, 1, 1, 'aaaaa', '1200', 'active', NULL, 0, '2020-09-28 19:01:51', 1, 0),
(2, 107, 1, 1, 'asa', 'sas', 'active', '2020-09-28 19:02:37', 1, NULL, NULL, 0);

-- --------------------------------------------------------

--
-- Table structure for table `city`
--

DROP TABLE IF EXISTS `city`;
CREATE TABLE IF NOT EXISTS `city` (
  `cityId` int(11) NOT NULL AUTO_INCREMENT,
  `cityName` text,
  `cityCode` text,
  `countryId` int(11) NOT NULL,
  `stateId` int(1) NOT NULL,
  `status` enum('active') NOT NULL DEFAULT 'active',
  `createdByAdminEmployeeId` text,
  `createdDateTime` datetime DEFAULT NULL,
  `lastUpdatedDateTime` datetime DEFAULT NULL,
  `updatedByAdminEmployeeId` text,
  PRIMARY KEY (`cityId`)
) ENGINE=InnoDB AUTO_INCREMENT=7 DEFAULT CHARSET=latin1;

--
-- Dumping data for table `city`
--

INSERT INTO `city` (`cityId`, `cityName`, `cityCode`, `countryId`, `stateId`, `status`, `createdByAdminEmployeeId`, `createdDateTime`, `lastUpdatedDateTime`, `updatedByAdminEmployeeId`) VALUES
(1, 'Malappurams', '100', 107, 1, 'active', '1', '2020-03-12 12:02:39', '2020-03-12 12:08:28', '1'),
(2, 'Deira', 'AE DU', 2, 2, 'active', '1', '2020-03-12 12:07:20', NULL, NULL),
(3, 'TEST', 'KL10', 107, 6, 'active', NULL, NULL, NULL, NULL),
(4, 'aaa', 'aaa', 107, 1, 'active', NULL, NULL, NULL, NULL),
(5, 'zzzz', 'xxxx', 107, 6, 'active', '1', '2020-09-28 18:36:53', NULL, NULL),
(6, 'aaaaaaa', 'zzzzzsss', 107, 8, 'active', '1', '2020-09-28 18:55:16', '2020-09-28 18:55:35', '1');

-- --------------------------------------------------------

--
-- Table structure for table `ci_sessions`
--

DROP TABLE IF EXISTS `ci_sessions`;
CREATE TABLE IF NOT EXISTS `ci_sessions` (
  `id` varchar(128) NOT NULL,
  `ip_address` varchar(45) NOT NULL,
  `timestamp` int(10) UNSIGNED NOT NULL DEFAULT '0',
  `data` blob NOT NULL,
  KEY `ci_sessions_timestamp` (`timestamp`)
) ENGINE=InnoDB DEFAULT CHARSET=utf8;

--
-- Dumping data for table `ci_sessions`
--

INSERT INTO `ci_sessions` (`id`, `ip_address`, `timestamp`, `data`) VALUES
('80flp851lfq83kt88rh60smsfh8a7588', '::1', 1601989234, 0x5f5f63695f6c6173745f726567656e65726174657c693a313630313938393233343b746f6b656e7c733a3334383a226532353930303835336530386438366530396465393762363130313830393533626162623130303033303536393966393235353337383764316261333763613830346437663335316535393962623135313431613939353661353832633166643337323332383564636338326636613730326538653933373639623039626430542f555764444941413270733033425a5a57376f6a526e316978756c70612b474574742b55397177364257767630707778775964424234334835594a554e6c772b37773050474e726a53452b5a4e67786b57537251445130587252614f55574a3972484a596b6d78543465357950477a6a7a46506e586f3272587a50396d4e6e68754b5a5a6b496b79756e452b5a705733323146797456564e4e507a4d3955504b347356415673564c6146493038364a69594759636a4c6c45387561334d6e6d526c6e534763465a4e4165636c506f4d3150624f633877736c4a633d223b),
('fm15e6mn7vn0c5mid2v967hmeijphsmm', '::1', 1601989666, 0x5f5f63695f6c6173745f726567656e65726174657c693a313630313938393636363b746f6b656e7c733a3334383a223232343863613332353837303237353866343565313962616139613461363835633639653839653937633033363937306231643639376665343733333030663466303762383539643565313739346539363437363934353238323431623733333532303730646436353364326538623636616466313262323233346665386161786b784f674a5a426674446a5a574c70366b3339675744746e54664a6369416637624d4845387658593962553047656841677a4e4a7737684e64384e6e4265717565737a4f73435251515a536d4c6c576f30775478596835397854426243515832384b47664e4378356c7a7532786977535543313046334543736646524e416c4b704e6a5a6e2f5676456965635677463347497753774b35553878635a7158632b4d6341546a4b396b37574b74625758485564565064395074494b3771796a393446374c396748767773504a32567a4c6d36356f616f74306451493d223b),
('fn7t06tpf710qj5anehtevjv6ieqih8f', '::1', 1601990232, 0x5f5f63695f6c6173745f726567656e65726174657c693a313630313939303233323b746f6b656e7c733a3334383a223666353430386463316637316165303765613930643565623065376265656636613163636430313563653162653335666539313133326365613031393633626439366436353035346366306261633865326466633662626564346463656630323331643365623038636561323136616562316532653764346131346466353632724e486a684a4a4145336e494e4736374f32676e376836463961552f7578346c78677a7a4c796369776d5a4e695471537359343373327a676271727435396a314963556f4738577155436b41656351526c7451667045764f67676b5141556637416b496174726c39336a664e4d6631623568643376687462664e707938654c627357334d6c7569343479674b36496256724a6979614b32326b4e5054506a3336566c3064396a7747616676507532646f3371426d6831504345794e4e55776f52366f6d42457347796e70494b357750486c632b6e677730356d66773d223b),
('dsj07k648q7d8ta23behtcn282275i3d', '::1', 1601990585, 0x5f5f63695f6c6173745f726567656e65726174657c693a313630313939303538353b746f6b656e7c733a3334383a2237613466326666373839393636666433306635653533613039326631663230656162303934373934363031333239343235613638353337623838633833313839376463323565376134366663653663313836346239316261653836663961643338346163313630393465346632306133343037613936386238383632336665364c71784b796b3458454c4d665637424d3359453269704c566b3142336832356768586349643270743758647a6f7775737735616e7447574e7a4c47677957626448666676546738437a61366374497a6e614378694e302b586b756e766531484a504e56353632777a6a353549764d4b794e6c573639636a57564b496c58476a7975475145766a6271766a49616d5868714558783036496137356361794e6a6f41432f634e68434c6c4a7a645144336a62416b7a767767547373363445695678654733442f31694476676f2b655544796b6642394973703243416a6f3d223b),
('2jqcqdtm0m2e1mq45kc69u9ip8lhl2q6', '::1', 1601991053, 0x5f5f63695f6c6173745f726567656e65726174657c693a313630313939313035333b746f6b656e7c733a3334383a223862313066666134623536323332633065376164323766313134623831636463396333666534363235653862666535616239626531393764356361616537383662373433663763303463346530396631643065323632633836343639643232323438336133326635643531303832353764306362336530393461363063613730784f2b4f4b65647a6d475166786b646e334b47313168447659796756356274714f336c374f323477456f465a72446f527a5641757176624b5256716f78376e54566455324d6130684c5a3379473735516e68765377443067576a78416b396d46587578446b754873345534556b447a414265546d49455a77565153455a703937436c3735524973324e706a526e69654a6a6953485935566d304b4562444c6b6f6430796148517239524b65736d6c6d66316d32384737595859467749737979664c537a4f51694a7871794463674f55536c544130724f78316167673d223b),
('mi56s88dk3dahbldpdu3vmqqbo620i7s', '::1', 1601991749, 0x5f5f63695f6c6173745f726567656e65726174657c693a313630313939313734393b746f6b656e7c733a3334383a22396561386533386539346638653865663536396464343665333735393531643666623631353264623530393636623332393865393930363634316264633336323039613734333038376235393031313839346138646239363333333930656634623331653233353563353065353431616166623531323566613236633931373652797770455a494b6c6b31777244766b7757424941555a537651317156554b695643754a6a745a6638767435524357574a71486371587154457a75356b49713547696f31756455507647336b784b56512f4954675939306354653166573163537362633051716251542f48335936354a505245527653466e764a2b5262703130544c4f3247754e436e6b2b593959674846764e7251553443475566505a4f5a594232686a4738454c614a4a496f316b77344e38686e626e58445763796c52436667357934725873306b743071526c4e524d573732574e5a5a2f50453d223b),
('0ouemdprn8f98265ns7n20dlk2p3tj15', '::1', 1601992138, 0x5f5f63695f6c6173745f726567656e65726174657c693a313630313939323133383b746f6b656e7c733a3334383a22383532353136333638616438313736626461643631663635656664326463653436636164636639346135646131363138303031633833333137353337363036343061313432376431643934373038306639383831363835313930336264363937643931626636326335346532333231353433313934313461643831383831353061504f566d46364a596179787543504433707644746e64775279752f747938376771755a79596d4b47616c673868697535317149575079313455794e50576134747257687336535746397a714f494c66754f536e592f696a583539775672664e68614b745542442f5634586b6763377a63683130427031337273425467526b32426a3253415847382b734b4e675754756638694b4e64386f3771514a435241426c7a397573526f6d5461595675307a6d584b2f516e377436695a7255596b66395a643377435538544e5a2b4438356a4d4d4373546a4b4c316175773d223b),
('4bi1mn46hd9eripdgqpmr5s6rrqr0kbl', '::1', 1601992457, 0x5f5f63695f6c6173745f726567656e65726174657c693a313630313939323435373b746f6b656e7c733a3334383a2266306164363238303833323861656131373235626165636265363765363135373030303235343866373933653432333466643534646163303530336465643564396630653037646466633962386332393966323237636232646433356332643564633133663737623434346331376437356539343266393861326261313836314c58513976597868426730476345726559657368734632754231514e4e436a5a5235496745643568634275746e564641544c377249327876692b704f6165763653545843443563416777587766483033325a5549714239706a6963544c375a686639783630395772494837365453774634304d6f4342784d535a6d487635425434577a6e657468476a386c326b33586f6a572b306b57514d69686c4738796843466969424a2f452b447854477767515448584e63484861504b4f465735486a2f3365726d3137766433703162683162672b694f6a473849436a75513d223b),
('1hk6s5548cc9k3gruvicd008hsrl190c', '::1', 1601992850, 0x5f5f63695f6c6173745f726567656e65726174657c693a313630313939323835303b746f6b656e7c733a3334383a2234353139393163326630336534326232326237313234353937356635343335316237386237383062633830646563633133373464636438313239386630303931656331633764343036633839623034663066653863613334626438656534373231376338383036356236643637373564656438383964643937313437633032655742494562462b45793037513642794f4d43773431524c5972423537682f4b2b72616d484c46535138744273735173565556355376324645795a58316469634349676537624f53424a523054576d502f387279325a746c6d56335a677835582f7a6868374c4442624f443749716f504151676a61746365335545444e4247466c393762466b7a54514a6357392f43376d683178486e6c2f48722b566a364b626b677854716b5439775a706b6c466d4e314f512b37746769367732664b6379572f6b2f72413977514c65784a384a65336c6d366e2f5a7542414a6a773d223b),
('0so8gjbl7phofbom157b89c766mb3a5l', '::1', 1601993273, 0x5f5f63695f6c6173745f726567656e65726174657c693a313630313939333237333b746f6b656e7c733a3334383a223935396138613136623466346637303561663838623235643432333934633832393536656264356639343765323638306166383361326634393134666134333036656637393133366435366265313866316164633234373136613135383636363331666333383230613039623538663636376563393137616137336134356134675a4a4d684c7152446e724444507655693933392f59684f78376b39464b457232366767782f2f505365713769726979476e4b6f426d543563522f6871686369642b365878386b61644a2f634331424c76676f6875417857667053687566504369516c5732592b524763627a57316f395474536435793068794d73684e72506d74494663766a624c70486e476567486a59384365437248714d4b50716b70576559422f455733453731362b6b673859344a502b69564a504466506c6e56502b35684950514837674b70785652456c644b584e764f3852774c65674d3d223b),
('gh1mmt27eenqff3v3gs31sha7qplkqoh', '::1', 1601993580, 0x5f5f63695f6c6173745f726567656e65726174657c693a313630313939333538303b746f6b656e7c733a3334383a22326130636564653032623561613862376534613563376234636163376438636539396362393231613936343863663964323537623734666133306332613464356633356435643235386137383332366336663866333163383935393938336136653438633662383534323737373731386632306462363865666136613131366138324a70416b75714b3735706e486364564b7a6a4c5542716356793646794f744d43612f636968612b5742694d3771746a514e555046584c34364a6b395257514943793661382b30773635356f464f546f324862596842464a384a5a56503959424b5276557758776c5a744a7843506750625677454a78592b5a764355585377723874375175354b395a4a564c467673694e5535563832492b523431764156636548522f774e784e7043486a6b6c374257706f3176484a4d66485a6642616b6a34545153693954646757466132616d524646564d4c2b47457141633d223b),
('9e4jusjl761v0v3q622sa1tfiriskehd', '::1', 1601994039, 0x5f5f63695f6c6173745f726567656e65726174657c693a313630313939343033393b746f6b656e7c733a3334383a22626132306137373066616565346435386437313161303133343431306139663139666630633964333966666564633834353236333137396533653430326234663265666531343732626531613336336462653539393236336366366639643262343435363438653838366331626233316665336263376434396637646632616236356f4a6157696a433059464f5132664c4f57716861392b5378746133497846682b487458726a4e7968674c4a4e736a5244515441526d61345a6c6f5370566334356c785033797645325072416d2b37556d714c33574f52794f54424c6b446437546f326b65316a435a32684d384b674f664b4c6f536b6947454958304a70536f332b4e38524f68754d772b574679324a6c7761437962636a3576473944354c665437446a4e616b63524b39796847676a6b6c364f31745535567234626d67667445526732314c6f4a484b585151427742494772436737334c72303d223b),
('6f93td0bqm962vpas5jorpkne46s9d1p', '::1', 1601994360, 0x5f5f63695f6c6173745f726567656e65726174657c693a313630313939343336303b746f6b656e7c733a3334383a22623064623262663631623066623136656538343435393837336530643661323637643366346537653963346363656434326537666361356665353137386633643137636532336563623765393433393464343663636530326237383930653831353931303731656463343165653230373362373534336564326530363632333230386e584c43574a6371433774366a52597166616537754d30373836706d655a712f465678626b4d6c64422f4e4d2b43756e315a7352667748486a37503970777663773949624b6d654a38687534433547543337316f48534166725062532b48597668666c65316762485a786261772b4c444661626c777235514a5034563551416933593236526c36474861654f586565392b6f6145726b494143436e754334304e4c326d6c5479487065677a334a705768615054597459714d727144726b4b6e69383749724b72305830586d5367554d587542566130444e64733d223b),
('gmvtnr9uvp82du3tffgcmhfa277djo0i', '::1', 1601994896, 0x5f5f63695f6c6173745f726567656e65726174657c693a313630313939343839363b746f6b656e7c733a3334383a2236333138356438373165626130363635323037613938646133613636623463346636366336393132393864623561303363346337373139376262613439663630613664363164363730663736616535336634326332646533396231323736633434333734656539396164653738653363336366353133646662333634376466336b304741306736546478786a4566796b73726a396d49787558744f613749304648674a4b53695733744d796e372b6f6744646b74664f30733531655968467057793141327178497268526c414f66646c426438535359354e6f6a696b515138523859504454484d576c515655426f5664506173596f474a59585a4e794336485932772b7462546a6f2b4d586335595a304949644d535a547933684d355863395256456b6a6e347a5547634e7565355366376a45334c4b4f6964394835324c416568766c44324f535743462f416b706e636e723563664c386f5172673d223b),
('53ilinipnsg199do2kvcbbcou483vo3n', '::1', 1601995215, 0x5f5f63695f6c6173745f726567656e65726174657c693a313630313939353231353b746f6b656e7c733a3334383a226561376332386565373964653162343335333162346537636336303639386530323831376338373536336532323265616331623064306233373564386233666262373234623433383538643061666637353262323131373332663635616138353137643835313865346664396537663337333233336434316131323230656636665067336664594e5442544869457a554549366d61563947577a7478716c37594f574b6f6f70524e306c376f304d58383675576d2f4a67424d757a475933624c78396a454d7a4b5069515676724964754d457458723753546a4858386a734d677a5a477974646a364c51346f306b4b32373043454b356e327759626c3839766b4a446c38427344713179722f6171704a46526875646133645663776d372f4e3972365a7466436c6e4431626a485933534c376c41514d49654f492b457772366247506e303966343331534c44564e513466443037365744634f69593d223b),
('ehuv069pmvd5966mp01e5vtj2pfiokhn', '::1', 1601995639, 0x5f5f63695f6c6173745f726567656e65726174657c693a313630313939353633393b746f6b656e7c733a3334383a2262333134366465306439336234613737393538336664383435386334313139323366616264313861643138633763333266356334303361396632633237343830316263333535353664663135333035326564316238346530386463653566303433363163316132383562343762386164343563326562626431356438323566325a4c6a564b4c364c5a79615679595449695a334676726757586d38762b5a71396a545669426858733739384c34347963445374396b6b515052784d43737344425550304c76683756616e653271484d32424b50655036312b4b4d475565534e506b574f742b635a74683377764b6e6177637a307947725157524c6f79494f7a49332b66773638662b647566363466586637334555534c4c5338704941582f4b2b4e526766494a327a414a5751795741414d416c6f2f474e515a51796e4f3654556b7768744f61587244535231476e4f736571624d786335734a39383d223b),
('kba6rmegjhn3hpi6e4p2sga0rfl45d2i', '::1', 1601996064, 0x5f5f63695f6c6173745f726567656e65726174657c693a313630313939363036343b746f6b656e7c733a3334383a22633737633834656331616235333539643863303838366135623663313865636362663637323738646266376436316564383933363165373863656266613363663766613933646132346562343761616239626537626334396564346631626432666264353130353033323839646465656533646431613930336138623366643869325a52614970577948534a3644494c564f3758706c7872516e4f566c777053594947586f5041394d76336939395576586b4d305539362f6845716f44673968416b6e2f334a556161767a756d453655717857336f6e365a756a567654536e437737653175337879617150544966526272387546766b4e2f656b4a723350797a777063503147437173665a7a337278436d562f753968556e64376e745a4734595a6f4b4a543553456f776f584e626a464a566735394831447642416e694c664c56736c3269436270475953434e4e684b6b724d6c596832523465343d223b),
('bs2i637n40illbqcbd8an0s80frkqsmv', '::1', 1601996382, 0x5f5f63695f6c6173745f726567656e65726174657c693a313630313939363338323b746f6b656e7c733a3334383a2235346430666132343634396564383830366237333638343861383164323462356637613437646238303862316437383033363330613337346239303062306464356533363830393034656535643062366662613335333961353133623731333736366462393234636663323763393863336337336231616538306230346635624e57356e4b7a6e45327758432f3245474b746d3479446a694170336c58415066316e7973433873576f6876663633336f31736e6d6e6e4341316c5a4731504148576332627a6e58696a397655564a6e6b4e71444d6d54657279364c4b38474c486a556c53336768436e59393757386e3947544e667446446b74744e654a5933314d34486379427942674f4c646d5a746e626b63503050354b7254426a527532684a4a6978764f6c705264316969634a717138694a58486a6c42334d376b6f50562f2f6a6e59426d4e7330564b3046374b4f766144634d39536f79513d223b),
('q7sgmi62tpu1k9ov0l2t39vhv7gubf2n', '::1', 1601996758, 0x5f5f63695f6c6173745f726567656e65726174657c693a313630313939363735383b746f6b656e7c733a3334383a223330656465643634633162383636363133363031306635313263663630623633633963613032633638333632653933663734383732366532303836373761616263303236626364316539613930633839616665643266633761393461346433646164333561623966373136323030343133383663626635623833663338643039685365564635546f36557836356d766e594e6f4f776475774d696d4949365375366b63496c496476562f486f6d79325442656f655250792b426e576e694f6d4a4f42534471522b547759487772434e3152556355724e344b6744494f3036464763455a326c33666642702b516d437136382b4245486b694373506d446a3435664e573761417a723155575872556e7a32492b397449516b76757568382f4532722b4f2f7677686776734f6b6333467072332b675844493967747036684147644b346b766638356f714872674d456e514b3064764d737758676b36493d223b),
('8q7n8rsikktbsh3l9c84tfietkqdiqgh', '::1', 1601996776, 0x5f5f63695f6c6173745f726567656e65726174657c693a313630313939363735383b746f6b656e7c733a3334383a226564623463323361626334646131643637626335346264663035323336666336393930366138303562306130666337353837623866646436663766393432333862363236333238613836333934393830653439373862353865616235333866653464666636376135353036336335623762363730333238336233356131393230742b684f517375665236475a6d43373635763473356634614e3335533051504f35586c6f793835524e63686132663947734a515654585a5872664b777364474430792b7763486c684c2f546f7674456975744e6c45336b7848356c44324a4c6e666a41626e704d75585a6d59636e547654666950633678584f6a646244796f646b356737587533385372494d51324a44677063587136446e37594e31693945555a6638494a6b5445436a363864733746454b6a68734b324c7061647950316276436377626a76456977442b2f6679697373706d6e334f51594832513d223b),
('cvmqpredacqetiov0j2efkhi0e2p38vl', '::1', 1602056158, 0x5f5f63695f6c6173745f726567656e65726174657c693a313630323035363135373b);

-- --------------------------------------------------------

--
-- Table structure for table `country`
--

DROP TABLE IF EXISTS `country`;
CREATE TABLE IF NOT EXISTS `country` (
  `countryId` int(11) NOT NULL AUTO_INCREMENT,
  `countryCode` text COLLATE utf8_bin NOT NULL,
  `globalCountryCode` char(2) COLLATE utf8_bin DEFAULT NULL,
  `timeZone` text COLLATE utf8_bin,
  `imagePath` text COLLATE utf8_bin,
  `countryName` text COLLATE utf8_bin,
  `totalMobileNumberDigits` int(11) NOT NULL,
  `status` enum('active','block') COLLATE utf8_bin NOT NULL DEFAULT 'active',
  `adminEmployeeId` text COLLATE utf8_bin NOT NULL,
  PRIMARY KEY (`countryId`),
  KEY `idx_country_code` (`globalCountryCode`)
) ENGINE=MyISAM AUTO_INCREMENT=253 DEFAULT CHARSET=utf8 COLLATE=utf8_bin;

--
-- Dumping data for table `country`
--

INSERT INTO `country` (`countryId`, `countryCode`, `globalCountryCode`, `timeZone`, `imagePath`, `countryName`, `totalMobileNumberDigits`, `status`, `adminEmployeeId`) VALUES
(1, '', 'AD', '', NULL, 'Andorra', 0, 'active', ''),
(2, '', 'AE', 'Asia/Dubai', NULL, 'United Arab Emirates', 9, 'active', ''),
(3, '', 'AF', '', NULL, 'Afghanistan', 0, 'active', ''),
(4, '', 'AG', '', NULL, 'Antigua and Barbuda', 0, 'active', ''),
(5, '', 'AI', '', NULL, 'Anguilla', 0, 'active', ''),
(6, '', 'AL', '', NULL, 'Albania', 0, 'active', ''),
(7, '', 'AM', '', NULL, 'Armenia', 0, 'active', ''),
(8, '', 'AN', '', NULL, 'Netherlands Antilles', 0, 'active', ''),
(9, '', 'AO', '', NULL, 'Angola', 0, 'active', ''),
(10, '', 'AQ', '', NULL, 'Antarctica', 0, 'active', ''),
(11, '', 'AR', '', NULL, 'Argentina', 0, 'active', ''),
(12, '', 'AS', '', NULL, 'American Samoa', 0, 'active', ''),
(13, '', 'AT', '', NULL, 'Austria', 0, 'active', ''),
(14, '', 'AU', '', NULL, 'Australia', 0, 'active', ''),
(15, '', 'AW', '', NULL, 'Aruba', 0, 'active', ''),
(16, '', 'AX', '', NULL, 'Aland Islands', 0, 'active', ''),
(17, '', 'AZ', '', NULL, 'Azerbaijan', 0, 'active', ''),
(18, '', 'BA', '', NULL, 'Bosnia and Herzegovina', 0, 'active', ''),
(19, '', 'BB', '', NULL, 'Barbados', 0, 'active', ''),
(20, '', 'BD', '', NULL, 'Bangladesh', 0, 'active', ''),
(21, '', 'BE', '', NULL, 'Belgium', 0, 'active', ''),
(22, '', 'BF', '', NULL, 'Burkina Faso', 0, 'active', ''),
(23, '', 'BG', '', NULL, 'Bulgaria', 0, 'active', ''),
(24, '', 'BH', '', NULL, 'Bahrain', 0, 'active', ''),
(25, '', 'BI', '', NULL, 'Burundi', 0, 'active', ''),
(26, '', 'BJ', '', NULL, 'Benin', 0, 'active', ''),
(27, '', 'BL', '', NULL, 'Saint Barthélemy', 0, 'active', ''),
(28, '', 'BM', '', NULL, 'Bermuda', 0, 'active', ''),
(29, '', 'BN', '', NULL, 'Brunei', 0, 'active', ''),
(30, '', 'BO', '', NULL, 'Bolivia', 0, 'active', ''),
(31, '', 'BQ', '', NULL, 'Bonaire, Saint Eustatius and Saba ', 0, 'active', ''),
(32, '', 'BR', '', NULL, 'Brazil', 0, 'active', ''),
(33, '', 'BS', '', NULL, 'Bahamas', 0, 'active', ''),
(34, '', 'BT', '', NULL, 'Bhutan', 0, 'active', ''),
(35, '', 'BV', '', NULL, 'Bouvet Island', 0, 'active', ''),
(36, '', 'BW', '', NULL, 'Botswana', 0, 'active', ''),
(37, '', 'BY', '', NULL, 'Belarus', 0, 'active', ''),
(38, '', 'BZ', '', NULL, 'Belize', 0, 'active', ''),
(39, '', 'CA', '', NULL, 'Canada', 0, 'active', ''),
(40, '', 'CC', '', NULL, 'Cocos Islands', 0, 'active', ''),
(41, '', 'CD', '', NULL, 'Democratic Republic of the Congo', 0, 'active', ''),
(42, '', 'CF', '', NULL, 'Central African Republic', 0, 'active', ''),
(43, '', 'CG', '', NULL, 'Republic of the Congo', 0, 'active', ''),
(44, '', 'CH', '', NULL, 'Switzerland', 0, 'active', ''),
(45, '', 'CI', '', NULL, 'Ivory Coast', 0, 'active', ''),
(46, '', 'CK', '', NULL, 'Cook Islands', 0, 'active', ''),
(47, '', 'CL', '', NULL, 'Chile', 0, 'active', ''),
(48, '', 'CM', '', NULL, 'Cameroon', 0, 'active', ''),
(49, '', 'CN', '', NULL, 'China', 0, 'active', ''),
(50, '', 'CO', '', NULL, 'Colombia', 0, 'active', ''),
(51, '', 'CR', '', NULL, 'Costa Rica', 0, 'active', ''),
(52, '', 'CS', '', NULL, 'Serbia and Montenegro', 0, 'active', ''),
(53, '', 'CU', '', NULL, 'Cuba', 0, 'active', ''),
(54, '', 'CV', '', NULL, 'Cape Verde', 0, 'active', ''),
(55, '', 'CW', '', NULL, 'Curaçao', 0, 'active', ''),
(56, '', 'CX', '', NULL, 'Christmas Island', 0, 'active', ''),
(57, '', 'CY', '', NULL, 'Cyprus', 0, 'active', ''),
(58, '', 'CZ', '', NULL, 'Czech Republic', 0, 'active', ''),
(59, '', 'DE', '', NULL, 'Germany', 0, 'active', ''),
(60, '', 'DJ', '', NULL, 'Djibouti', 0, 'active', ''),
(61, '', 'DK', '', NULL, 'Denmark', 0, 'active', ''),
(62, '', 'DM', '', NULL, 'Dominica', 0, 'active', ''),
(63, '', 'DO', '', NULL, 'Dominican Republic', 0, 'active', ''),
(64, '', 'DZ', '', NULL, 'Algeria', 0, 'active', ''),
(65, '', 'EC', '', NULL, 'Ecuador', 0, 'active', ''),
(66, '', 'EE', '', NULL, 'Estonia', 0, 'active', ''),
(67, '', 'EG', '', NULL, 'Egypt', 0, 'active', ''),
(68, '', 'EH', '', NULL, 'Western Sahara', 0, 'active', ''),
(69, '', 'ER', '', NULL, 'Eritrea', 0, 'active', ''),
(70, '', 'ES', '', NULL, 'Spain', 0, 'active', ''),
(71, '', 'ET', '', NULL, 'Ethiopia', 0, 'active', ''),
(72, '', 'FI', '', NULL, 'Finland', 0, 'active', ''),
(73, '', 'FJ', '', NULL, 'Fiji', 0, 'active', ''),
(74, '', 'FK', '', NULL, 'Falkland Islands', 0, 'active', ''),
(75, '', 'FM', '', NULL, 'Micronesia', 0, 'active', ''),
(76, '', 'FO', '', NULL, 'Faroe Islands', 0, 'active', ''),
(77, '', 'FR', '', NULL, 'France', 0, 'active', ''),
(78, '', 'GA', '', NULL, 'Gabon', 0, 'active', ''),
(79, '', 'GB', '', NULL, 'United Kingdom', 0, 'active', ''),
(80, '', 'GD', '', NULL, 'Grenada', 0, 'active', ''),
(81, '', 'GE', '', NULL, 'Georgia', 0, 'active', ''),
(82, '', 'GF', '', NULL, 'French Guiana', 0, 'active', ''),
(83, '', 'GG', '', NULL, 'Guernsey', 0, 'active', ''),
(84, '', 'GH', '', NULL, 'Ghana', 0, 'active', ''),
(85, '', 'GI', '', NULL, 'Gibraltar', 0, 'active', ''),
(86, '', 'GL', '', NULL, 'Greenland', 0, 'active', ''),
(87, '', 'GM', '', NULL, 'Gambia', 0, 'active', ''),
(88, '', 'GN', '', NULL, 'Guinea', 0, 'active', ''),
(89, '', 'GP', '', NULL, 'Guadeloupe', 0, 'active', ''),
(90, '', 'GQ', '', NULL, 'Equatorial Guinea', 0, 'active', ''),
(91, '', 'GR', '', NULL, 'Greece', 0, 'active', ''),
(92, '', 'GS', '', NULL, 'South Georgia and the South Sandwich Islands', 0, 'active', ''),
(93, '', 'GT', '', NULL, 'Guatemala', 0, 'active', ''),
(94, '', 'GU', '', NULL, 'Guam', 0, 'active', ''),
(95, '', 'GW', '', NULL, 'Guinea-Bissau', 0, 'active', ''),
(96, '', 'GY', '', NULL, 'Guyana', 0, 'active', ''),
(97, '', 'HK', '', NULL, 'Hong Kong', 0, 'active', ''),
(98, '', 'HM', '', NULL, 'Heard Island and McDonald Islands', 0, 'active', ''),
(99, '', 'HN', '', NULL, 'Honduras', 0, 'active', ''),
(100, '', 'HR', '', NULL, 'Croatia', 0, 'active', ''),
(101, '', 'HT', '', NULL, 'Haiti', 0, 'active', ''),
(102, '', 'HU', '', NULL, 'Hungary', 0, 'active', ''),
(103, '', 'ID', '', NULL, 'Indonesia', 0, 'active', ''),
(104, '', 'IE', '', NULL, 'Ireland', 0, 'active', ''),
(105, '', 'IL', '', NULL, 'Israel', 0, 'active', ''),
(106, '', 'IM', '', NULL, 'Isle of Man', 0, 'active', ''),
(107, '', 'IN', 'Asia/Kolkata', NULL, 'India', 10, 'active', ''),
(108, '', 'IO', '', NULL, 'British Indian Ocean Territory', 0, 'active', ''),
(109, '', 'IQ', '', NULL, 'Iraq', 0, 'active', ''),
(110, '', 'IR', '', NULL, 'Iran', 0, 'active', ''),
(111, '', 'IS', '', NULL, 'Iceland', 0, 'active', ''),
(112, '', 'IT', '', NULL, 'Italy', 0, 'active', ''),
(113, '', 'JE', '', NULL, 'Jersey', 0, 'active', ''),
(114, '', 'JM', '', NULL, 'Jamaica', 0, 'active', ''),
(115, '', 'JO', '', NULL, 'Jordan', 0, 'active', ''),
(116, '', 'JP', '', NULL, 'Japan', 0, 'active', ''),
(117, '', 'KE', '', NULL, 'Kenya', 0, 'active', ''),
(118, '', 'KG', '', NULL, 'Kyrgyzstan', 0, 'active', ''),
(119, '', 'KH', '', NULL, 'Cambodia', 0, 'active', ''),
(120, '', 'KI', '', NULL, 'Kiribati', 0, 'active', ''),
(121, '', 'KM', '', NULL, 'Comoros', 0, 'active', ''),
(122, '', 'KN', '', NULL, 'Saint Kitts and Nevis', 0, 'active', ''),
(123, '', 'KP', '', NULL, 'North Korea', 0, 'active', ''),
(124, '', 'KR', '', NULL, 'South Korea', 0, 'active', ''),
(125, '', 'KW', '', NULL, 'Kuwait', 0, 'active', ''),
(126, '', 'KY', '', NULL, 'Cayman Islands', 0, 'active', ''),
(127, '', 'KZ', '', NULL, 'Kazakhstan', 0, 'active', ''),
(128, '', 'LA', '', NULL, 'Laos', 0, 'active', ''),
(129, '', 'LB', '', NULL, 'Lebanon', 0, 'active', ''),
(130, '', 'LC', '', NULL, 'Saint Lucia', 0, 'active', ''),
(131, '', 'LI', '', NULL, 'Liechtenstein', 0, 'active', ''),
(132, '', 'LK', '', NULL, 'Sri Lanka', 0, 'active', ''),
(133, '', 'LR', '', NULL, 'Liberia', 0, 'active', ''),
(134, '', 'LS', '', NULL, 'Lesotho', 0, 'active', ''),
(135, '', 'LT', '', NULL, 'Lithuania', 0, 'active', ''),
(136, '', 'LU', '', NULL, 'Luxembourg', 0, 'active', ''),
(137, '', 'LV', '', NULL, 'Latvia', 0, 'active', ''),
(138, '', 'LY', '', NULL, 'Libya', 0, 'active', ''),
(139, '', 'MA', '', NULL, 'Morocco', 0, 'active', ''),
(140, '', 'MC', '', NULL, 'Monaco', 0, 'active', ''),
(141, '', 'MD', '', NULL, 'Moldova', 0, 'active', ''),
(142, '', 'ME', '', NULL, 'Montenegro', 0, 'active', ''),
(143, '', 'MF', '', NULL, 'Saint Martin', 0, 'active', ''),
(144, '', 'MG', '', NULL, 'Madagascar', 0, 'active', ''),
(145, '', 'MH', '', NULL, 'Marshall Islands', 0, 'active', ''),
(146, '', 'MK', '', NULL, 'Macedonia', 0, 'active', ''),
(147, '', 'ML', '', NULL, 'Mali', 0, 'active', ''),
(148, '', 'MM', '', NULL, 'Myanmar', 0, 'active', ''),
(149, '', 'MN', '', NULL, 'Mongolia', 0, 'active', ''),
(150, '', 'MO', '', NULL, 'Macao', 0, 'active', ''),
(151, '', 'MP', '', NULL, 'Northern Mariana Islands', 0, 'active', ''),
(152, '', 'MQ', '', NULL, 'Martinique', 0, 'active', ''),
(153, '', 'MR', '', NULL, 'Mauritania', 0, 'active', ''),
(154, '', 'MS', '', NULL, 'Montserrat', 0, 'active', ''),
(155, '', 'MT', '', NULL, 'Malta', 0, 'active', ''),
(156, '', 'MU', '', NULL, 'Mauritius', 0, 'active', ''),
(157, '', 'MV', '', NULL, 'Maldives', 0, 'active', ''),
(158, '', 'MW', '', NULL, 'Malawi', 0, 'active', ''),
(159, '', 'MX', '', NULL, 'Mexico', 0, 'active', ''),
(160, '', 'MY', '', NULL, 'Malaysia', 0, 'active', ''),
(161, '', 'MZ', '', NULL, 'Mozambique', 0, 'active', ''),
(162, '', 'NA', '', NULL, 'Namibia', 0, 'active', ''),
(163, '', 'NC', '', NULL, 'New Caledonia', 0, 'active', ''),
(164, '', 'NE', '', NULL, 'Niger', 0, 'active', ''),
(165, '', 'NF', '', NULL, 'Norfolk Island', 0, 'active', ''),
(166, '', 'NG', '', NULL, 'Nigeria', 0, 'active', ''),
(167, '', 'NI', '', NULL, 'Nicaragua', 0, 'active', ''),
(168, '', 'NL', '', NULL, 'Netherlands', 0, 'active', ''),
(169, '', 'NO', '', NULL, 'Norway', 0, 'active', ''),
(170, '', 'NP', '', NULL, 'Nepal', 0, 'active', ''),
(171, '', 'NR', '', NULL, 'Nauru', 0, 'active', ''),
(172, '', 'NU', '', NULL, 'Niue', 0, 'active', ''),
(173, '', 'NZ', '', NULL, 'New Zealand', 0, 'active', ''),
(174, '', 'OM', '', NULL, 'Oman', 0, 'active', ''),
(175, '', 'PA', '', NULL, 'Panama', 0, 'active', ''),
(176, '', 'PE', '', NULL, 'Peru', 0, 'active', ''),
(177, '', 'PF', '', NULL, 'French Polynesia', 0, 'active', ''),
(178, '', 'PG', '', NULL, 'Papua New Guinea', 0, 'active', ''),
(179, '', 'PH', '', NULL, 'Philippines', 0, 'active', ''),
(180, '', 'PK', '', NULL, 'Pakistan', 0, 'active', ''),
(181, '', 'PL', '', NULL, 'Poland', 0, 'active', ''),
(182, '', 'PM', '', NULL, 'Saint Pierre and Miquelon', 0, 'active', ''),
(183, '', 'PN', '', NULL, 'Pitcairn', 0, 'active', ''),
(184, '', 'PR', '', NULL, 'Puerto Rico', 0, 'active', ''),
(185, '', 'PS', '', NULL, 'Palestinian Territory', 0, 'active', ''),
(186, '', 'PT', '', NULL, 'Portugal', 0, 'active', ''),
(187, '', 'PW', '', NULL, 'Palau', 0, 'active', ''),
(188, '', 'PY', '', NULL, 'Paraguay', 0, 'active', ''),
(189, '', 'QA', 'Asia/Qatar', NULL, 'Qatar', 9, 'active', ''),
(190, '', 'RE', '', NULL, 'Reunion', 0, 'active', ''),
(191, '', 'RO', '', NULL, 'Romania', 0, 'active', ''),
(192, '', 'RS', '', NULL, 'Serbia', 0, 'active', ''),
(193, '', 'RU', '', NULL, 'Russia', 0, 'active', ''),
(194, '', 'RW', '', NULL, 'Rwanda', 0, 'active', ''),
(195, '', 'SA', 'Asia/Riyadh', NULL, 'Saudi Arabia', 10, 'active', ''),
(196, '', 'SB', '', NULL, 'Solomon Islands', 0, 'active', ''),
(197, '', 'SC', '', NULL, 'Seychelles', 0, 'active', ''),
(198, '', 'SD', '', NULL, 'Sudan', 0, 'active', ''),
(199, '', 'SE', '', NULL, 'Sweden', 0, 'active', ''),
(200, '', 'SG', '', NULL, 'Singapore', 0, 'active', ''),
(201, '', 'SH', '', NULL, 'Saint Helena', 0, 'active', ''),
(202, '', 'SI', '', NULL, 'Slovenia', 0, 'active', ''),
(203, '', 'SJ', '', NULL, 'Svalbard and Jan Mayen', 0, 'active', ''),
(204, '', 'SK', '', NULL, 'Slovakia', 0, 'active', ''),
(205, '', 'SL', '', NULL, 'Sierra Leone', 0, 'active', ''),
(206, '', 'SM', '', NULL, 'San Marino', 0, 'active', ''),
(207, '', 'SN', '', NULL, 'Senegal', 0, 'active', ''),
(208, '', 'SO', '', NULL, 'Somalia', 0, 'active', ''),
(209, '', 'SR', '', NULL, 'Suriname', 0, 'active', ''),
(210, '', 'SS', '', NULL, 'South Sudan', 0, 'active', ''),
(211, '', 'ST', '', NULL, 'Sao Tome and Principe', 0, 'active', ''),
(212, '', 'SV', '', NULL, 'El Salvador', 0, 'active', ''),
(213, '', 'SX', '', NULL, 'Sint Maarten', 0, 'active', ''),
(214, '', 'SY', '', NULL, 'Syria', 0, 'active', ''),
(215, '', 'SZ', '', NULL, 'Swaziland', 0, 'active', ''),
(216, '', 'TC', '', NULL, 'Turks and Caicos Islands', 0, 'active', ''),
(217, '', 'TD', '', NULL, 'Chad', 0, 'active', ''),
(218, '', 'TF', '', NULL, 'French Southern Territories', 0, 'active', ''),
(219, '', 'TG', '', NULL, 'Togo', 0, 'active', ''),
(220, '', 'TH', '', NULL, 'Thailand', 0, 'active', ''),
(221, '', 'TJ', '', NULL, 'Tajikistan', 0, 'active', ''),
(222, '', 'TK', '', NULL, 'Tokelau', 0, 'active', ''),
(223, '', 'TL', '', NULL, 'East Timor', 0, 'active', ''),
(224, '', 'TM', '', NULL, 'Turkmenistan', 0, 'active', ''),
(225, '', 'TN', '', NULL, 'Tunisia', 0, 'active', ''),
(226, '', 'TO', '', NULL, 'Tonga', 0, 'active', ''),
(227, '', 'TR', '', NULL, 'Turkey', 0, 'active', ''),
(228, '', 'TT', '', NULL, 'Trinidad and Tobago', 0, 'active', ''),
(229, '', 'TV', '', NULL, 'Tuvalu', 0, 'active', ''),
(230, '', 'TW', '', NULL, 'Taiwan', 0, 'active', ''),
(231, '', 'TZ', '', NULL, 'Tanzania', 0, 'active', ''),
(232, '', 'UA', '', NULL, 'Ukraine', 0, 'active', ''),
(233, '', 'UG', '', NULL, 'Uganda', 0, 'active', ''),
(234, '', 'UM', '', NULL, 'United States Minor Outlying Islands', 0, 'active', ''),
(235, '', 'US', '', NULL, 'United States', 0, 'active', ''),
(236, '', 'UY', '', NULL, 'Uruguay', 0, 'active', ''),
(237, '', 'UZ', '', NULL, 'Uzbekistan', 0, 'active', ''),
(238, '', 'VA', '', NULL, 'Vatican', 0, 'active', ''),
(239, '', 'VC', '', NULL, 'Saint Vincent and the Grenadines', 0, 'active', ''),
(240, '', 'VE', '', NULL, 'Venezuela', 0, 'active', ''),
(241, '', 'VG', '', NULL, 'British Virgin Islands', 0, 'active', ''),
(242, '', 'VI', '', NULL, 'U.S. Virgin Islands', 0, 'active', ''),
(243, '', 'VN', '', NULL, 'Vietnam', 0, 'active', ''),
(244, '', 'VU', '', NULL, 'Vanuatu', 0, 'active', ''),
(245, '', 'WF', '', NULL, 'Wallis and Futuna', 0, 'active', ''),
(246, '', 'WS', '', NULL, 'Samoa', 0, 'active', ''),
(247, '', 'XK', '', NULL, 'Kosovo', 0, 'active', ''),
(248, '', 'YE', '', NULL, 'Yemen', 0, 'active', ''),
(249, '', 'YT', '', NULL, 'Mayotte', 0, 'active', ''),
(250, '', 'ZA', '', NULL, 'South Africa', 0, 'active', ''),
(251, '', 'ZM', '', NULL, 'Zambia', 0, 'active', ''),
(252, '', 'ZW', '', NULL, 'Zimbabwe', 0, 'active', '');

-- --------------------------------------------------------

--
-- Table structure for table `dealer`
--

DROP TABLE IF EXISTS `dealer`;
CREATE TABLE IF NOT EXISTS `dealer` (
  `dealerId` int(11) NOT NULL AUTO_INCREMENT,
  `mobileNo` text,
  `dealerName` text NOT NULL,
  `address` text NOT NULL,
  `status` enum('active','') NOT NULL,
  `createdByAdminEmployeeId` int(11) NOT NULL,
  `countryId` int(11) NOT NULL,
  `createdDateTime` datetime DEFAULT NULL,
  `lastUpdatedDateTime` datetime DEFAULT NULL,
  `is_deleted` int(1) NOT NULL DEFAULT '0',
  PRIMARY KEY (`dealerId`)
) ENGINE=InnoDB AUTO_INCREMENT=10 DEFAULT CHARSET=latin1;

--
-- Dumping data for table `dealer`
--

INSERT INTO `dealer` (`dealerId`, `mobileNo`, `dealerName`, `address`, `status`, `createdByAdminEmployeeId`, `countryId`, `createdDateTime`, `lastUpdatedDateTime`, `is_deleted`) VALUES
(7, '5009448430', 'asasa', 'asasaz', 'active', 1, 0, '2020-09-10 20:50:45', '2020-09-16 14:13:19', 0),
(8, '500944243', 'aa', 'aaaa', 'active', 1, 0, '2020-09-12 15:41:11', '2020-09-15 17:52:35', 0),
(9, '9633871889', 'test', 'asasas', 'active', 1, 107, '2020-10-03 15:27:23', '2020-10-03 15:28:01', 0);

-- --------------------------------------------------------

--
-- Table structure for table `dealeremployee`
--

DROP TABLE IF EXISTS `dealeremployee`;
CREATE TABLE IF NOT EXISTS `dealeremployee` (
  `dealerEmployeeId` int(11) NOT NULL AUTO_INCREMENT,
  `dealerId` int(11) NOT NULL,
  `userName` text NOT NULL,
  `password` text NOT NULL,
  `email` text NOT NULL,
  `status` enum('active','') NOT NULL DEFAULT 'active',
  `createdDateTime` datetime DEFAULT NULL,
  `CreatedByDealerEmployeeId` int(11) NOT NULL,
  `lastUpdatedDateTime` datetime DEFAULT NULL,
  `is_deleted` int(1) NOT NULL,
  PRIMARY KEY (`dealerEmployeeId`)
) ENGINE=MyISAM AUTO_INCREMENT=14 DEFAULT CHARSET=latin1;

--
-- Dumping data for table `dealeremployee`
--

INSERT INTO `dealeremployee` (`dealerEmployeeId`, `dealerId`, `userName`, `password`, `email`, `status`, `createdDateTime`, `CreatedByDealerEmployeeId`, `lastUpdatedDateTime`, `is_deleted`) VALUES
(1, 4, '9633871889', '123', 'clienviewtechnologies@gmail.com', 'active', NULL, 0, NULL, 0),
(2, 5, '1234567890', '12345', 'test@tes.com', 'active', NULL, 0, NULL, 0),
(3, 6, '1245780', '123456', 'mubashir.in@gmail.com', 'active', NULL, 0, NULL, 0),
(4, 7, '145623', '123456', '', 'active', NULL, 0, '2020-09-15 18:47:14', 0),
(5, 8, '123', '$2y$10$9l922vTzfXMgA2cDiW/NWOsLUf/3pd.CSEuPmmxTuC6.vaI2/yom6', 'test@tes.com', 'active', NULL, 0, NULL, 0),
(6, 0, '123A', '$2y$10$MvcG5xxeqEmEFw4JlppY9ObIMU0PMbMk55f7c3BtB1eB0dgDz1obe', 'nationaltiryaq@gmail.com', 'active', NULL, 0, NULL, 0),
(7, 0, '123s', '$2y$10$CZ2KZ7CJvqq3HHmmwspisuj5eSLZFjSgTx8ybXP9NpPmoKGnwYIKO', 'nationaltiryaq@gmail.com', 'active', '2020-09-12 19:08:48', 0, NULL, 0),
(8, 0, '123sa', '$2y$10$AEMVo/54y57bAeT04DI5V.0ZzAhpIBb2K1c3XlwRwRxdsSSwrn646', 'nationaltiryaq@gmail.com', 'active', '2020-09-12 19:09:14', 0, NULL, 0),
(9, 0, 'mub009', '$2y$10$DfcexTZtP3pWJdDv5gBs5enZMMEUiZdEb4LZqd7IDhPBlNtv9rmJu', 'mubashir.in@gmail.com', 'active', '2020-09-15 18:16:40', 0, NULL, 0),
(10, 7, 'aaa', '$2y$10$H452WTUAqomkzZz9CBd0kenPoZ7Yrp/EbS8.Z080lx5uT9jCyJqoi', 'test@tes.com', 'active', '2020-09-15 18:18:12', 0, NULL, 0),
(11, 6, '123asas', '$2y$10$9l922vTzfXMgA2cDiW/NWOsLUf/3pd.CSEuPmmxTuC6.vaI2/yom6', 'clienviewtechnologies@gmail.com', 'active', '2020-09-29 14:10:58', 0, NULL, 0),
(12, 9, '123456', '$2y$10$9l922vTzfXMgA2cDiW/NWOsLUf/3pd.CSEuPmmxTuC6.vaI2/yom6', 'TEST@COM.COM', 'active', NULL, 0, '2020-10-03 17:06:29', 0),
(13, 9, 'abcd', '$2y$10$ss92Txk6sB4QSTIH07oJG.z2Ex3J7wT/RnNVBTEAIsZ8jMaCf3Nx6', '1123@GMAIL.COM', 'active', '2020-10-03 17:01:24', 0, '2020-10-03 17:06:41', 0);

-- --------------------------------------------------------

--
-- Table structure for table `defaultthemedetails`
--

DROP TABLE IF EXISTS `defaultthemedetails`;
CREATE TABLE IF NOT EXISTS `defaultthemedetails` (
  `defaultThemeDetailsId` int(11) NOT NULL AUTO_INCREMENT,
  `json` text,
  `mediaOne` text,
  `property` enum('slider','gallery','map','features','service','whyChooseUs','whyChooseUsList','testimonial','contact') NOT NULL,
  `mediaTwo` text,
  `is_deleted` int(1) NOT NULL DEFAULT '0',
  `themeId` int(11) NOT NULL,
  PRIMARY KEY (`defaultThemeDetailsId`)
) ENGINE=MyISAM DEFAULT CHARSET=latin1;

-- --------------------------------------------------------

--
-- Table structure for table `state`
--

DROP TABLE IF EXISTS `state`;
CREATE TABLE IF NOT EXISTS `state` (
  `stateId` int(11) NOT NULL AUTO_INCREMENT,
  `stateName` text,
  `stateCode` text,
  `countryId` text,
  `status` enum('active','block') DEFAULT 'active',
  `createdByAdminEmployeeId` text,
  `createdDateTime` datetime DEFAULT NULL,
  `lastUpdatedDateTime` datetime DEFAULT NULL,
  `updatedByAdminEmployeeId` text,
  PRIMARY KEY (`stateId`)
) ENGINE=InnoDB AUTO_INCREMENT=9 DEFAULT CHARSET=latin1;

--
-- Dumping data for table `state`
--

INSERT INTO `state` (`stateId`, `stateName`, `stateCode`, `countryId`, `status`, `createdByAdminEmployeeId`, `createdDateTime`, `lastUpdatedDateTime`, `updatedByAdminEmployeeId`) VALUES
(1, 'Kerala', 'KL', '107', 'active', '1', '2020-03-12 00:00:00', '2020-03-19 00:00:00', '1'),
(2, 'Dubai', 'AE DU', '2', 'active', '1', '2020-03-12 00:00:00', NULL, NULL),
(3, 'karnataka', 'KA', '107', 'active', '1', '2020-03-19 00:00:00', '2020-03-19 00:00:00', '2'),
(4, 'aa', 'aa', '2', 'active', NULL, NULL, NULL, NULL),
(5, 'aaa', 'aa', '2', 'active', NULL, NULL, NULL, NULL),
(6, 'test', 'tes', '107', 'active', NULL, NULL, NULL, NULL),
(7, 'mmaa', '65s', '107', 'active', NULL, NULL, NULL, NULL),
(8, 'Keralasss', 'Keralass1233', '107', 'active', '1', '2020-09-28 18:54:32', '2020-09-28 18:54:41', '1');

-- --------------------------------------------------------

--
-- Table structure for table `store`
--

DROP TABLE IF EXISTS `store`;
CREATE TABLE IF NOT EXISTS `store` (
  `storeId` int(11) NOT NULL AUTO_INCREMENT,
  `dealerEmployeeId` int(11) NOT NULL,
  `adminEmployeeId` int(11) NOT NULL,
  `contact1` text NOT NULL,
  `storeTelephone` text NOT NULL,
  `contact2` text,
  `logo` text,
  `storeName` text,
  `email` text,
  `longitude` text NOT NULL,
  `latitude` text NOT NULL,
  `pan` text,
  `templateId` text NOT NULL,
  `countryId` int(11) NOT NULL,
  `storeAddress` text NOT NULL,
  `stateId` int(11) NOT NULL,
  `cityId` int(11) NOT NULL,
  `areaId` int(11) NOT NULL,
  `status` enum('active','') NOT NULL DEFAULT 'active',
  `createdDateTime` datetime NOT NULL,
  `lastUpdatedDateTime` datetime DEFAULT NULL,
  `updatedByAdminEmployeeId` int(11) DEFAULT NULL,
  `updatedByDealerEmployeeId` int(11) NOT NULL,
  `is_deleted` int(11) NOT NULL DEFAULT '0',
  `themeId` int(11) DEFAULT NULL,
  PRIMARY KEY (`storeId`)
) ENGINE=InnoDB AUTO_INCREMENT=10 DEFAULT CHARSET=latin1;

--
-- Dumping data for table `store`
--

INSERT INTO `store` (`storeId`, `dealerEmployeeId`, `adminEmployeeId`, `contact1`, `storeTelephone`, `contact2`, `logo`, `storeName`, `email`, `longitude`, `latitude`, `pan`, `templateId`, `countryId`, `storeAddress`, `stateId`, `cityId`, `areaId`, `status`, `createdDateTime`, `lastUpdatedDateTime`, `updatedByAdminEmployeeId`, `updatedByDealerEmployeeId`, `is_deleted`, `themeId`) VALUES
(6, 13, 0, '9633871889', '9633871889', '9633871889', NULL, 'mubashir', 'test@tes.com', '20.1233', '12.0000', NULL, '', 107, 'mubashir', 1, 1, 1, 'active', '0000-00-00 00:00:00', '2020-10-03 18:03:30', NULL, 12, 0, NULL),
(7, 13, 0, '963387188910', '9633871889', '9633871889', NULL, 'asas', 'mubashir.in@gmail.coms', '10.1478956231', '10.14789562310', NULL, '', 107, 'Rerum optio volupta', 1, 1, 1, 'active', '0000-00-00 00:00:00', '2020-09-29 16:28:48', 1, 0, 0, NULL),
(8, 12, 0, '9633871889', '9633871889', '9633871889', NULL, 'aaaa', 'test@tes.com', '10.14523697', '10.14523697', NULL, '', 107, 'test address', 1, 1, 1, 'active', '0000-00-00 00:00:00', NULL, NULL, 0, 0, NULL),
(9, 13, 0, '9633871889', '9633871889', '9633871889', NULL, 'new ', 'test@tes.com', '30.100', '10.1123', NULL, '', 107, 'test address', 1, 1, 1, 'active', '0000-00-00 00:00:00', NULL, NULL, 0, 0, NULL);

-- --------------------------------------------------------

--
-- Table structure for table `storemployee`
--

DROP TABLE IF EXISTS `storemployee`;
CREATE TABLE IF NOT EXISTS `storemployee` (
  `storeEmployeeId` int(11) NOT NULL AUTO_INCREMENT,
  `storeId` int(11) NOT NULL,
  `userName` text NOT NULL,
  `password` text NOT NULL,
  `email` text NOT NULL,
  `status` enum('active','') NOT NULL DEFAULT 'active',
  `createdDateTime` datetime DEFAULT NULL,
  `lastUpdatedDateTime` datetime DEFAULT NULL,
  `is_deleted` int(1) NOT NULL,
  PRIMARY KEY (`storeEmployeeId`)
) ENGINE=MyISAM AUTO_INCREMENT=20 DEFAULT CHARSET=latin1;

--
-- Dumping data for table `storemployee`
--

INSERT INTO `storemployee` (`storeEmployeeId`, `storeId`, `userName`, `password`, `email`, `status`, `createdDateTime`, `lastUpdatedDateTime`, `is_deleted`) VALUES
(1, 4, '9633871889', '123', 'clienviewtechnologies@gmail.com', 'active', NULL, NULL, 0),
(2, 5, '1234567890', '12345', 'test@tes.com', 'active', NULL, NULL, 0),
(3, 6, '1245780', '123456', 'mubashir.in@gmail.com', 'active', NULL, NULL, 0),
(4, 7, '145623', '123456', 'text@gmail.com', 'active', NULL, '2020-09-15 18:47:14', 0),
(5, 8, '123', '123', 'test@tes.com', 'active', NULL, NULL, 0),
(6, 0, '123A', '$2y$10$MvcG5xxeqEmEFw4JlppY9ObIMU0PMbMk55f7c3BtB1eB0dgDz1obe', 'nationaltiryaq@gmail.com', 'active', NULL, NULL, 0),
(7, 0, '123s', '$2y$10$CZ2KZ7CJvqq3HHmmwspisuj5eSLZFjSgTx8ybXP9NpPmoKGnwYIKO', 'nationaltiryaq@gmail.com', 'active', '2020-09-12 19:08:48', NULL, 0),
(8, 0, '123sa', '$2y$10$AEMVo/54y57bAeT04DI5V.0ZzAhpIBb2K1c3XlwRwRxdsSSwrn646', 'nationaltiryaq@gmail.com', 'active', '2020-09-12 19:09:14', NULL, 0),
(9, 0, 'mub009', '$2y$10$DfcexTZtP3pWJdDv5gBs5enZMMEUiZdEb4LZqd7IDhPBlNtv9rmJu', 'mubashir.in@gmail.com', 'active', '2020-09-15 18:16:40', NULL, 0),
(10, 7, 'aaa', '$2y$10$H452WTUAqomkzZz9CBd0kenPoZ7Yrp/EbS8.Z080lx5uT9jCyJqoi', 'test@tes.com', 'active', '2020-09-15 18:18:12', NULL, 0),
(11, 0, 'mub0147', '123456', 'mubashir.in@gmail.com', 'active', '2020-09-28 17:20:18', NULL, 0),
(12, 0, '12345678', 'mub009', 'mubashir@gmail.com', 'active', '2020-09-28 17:25:40', NULL, 0),
(13, 6, '14789', '$2y$10$MEaeMXP3GFfuphMI0bHlseDOHKpG0Uj5tJ2LEjnLxi1KUDD2MbtCK', 'mubashir.in@gmail.comaa', 'active', '2020-09-29 14:30:12', NULL, 0),
(14, 0, '123456789', '$2y$10$XNxyymRrCpybrJsUhcZAvevpyjGvHGUxrDstZ87ConcJ9nrsPeR16', 'mubashir.in@gmail.com', 'active', '2020-10-03 17:58:32', NULL, 0),
(15, 6, 'check123', '$2y$10$fOQpMAjglRrV03XyybEZx.D6hPYd1W6RsjqIAsHohQomqUn9p4AMi', 'nationaltiryaq@gmail.com', 'active', '2020-10-03 18:19:50', NULL, 0),
(16, 6, 'store', '$2y$10$3Ry6ePM4PDzH1L7pixGliep5Nr82mdPbKUT6w/aVhC10zu.XeaOKK', 'store@store.comss', 'active', '2020-10-03 19:04:59', NULL, 0),
(17, 6, 'aasx', '$2y$10$pnJm.LBtWHZ2J/FX.r1zKuSxvtub/Ivx79C6Dl2P8wjNx8A2KMwIa', 'test@gmail.com', 'active', '2020-10-03 20:03:18', NULL, 0),
(18, 6, 'nnnn', '$2y$10$EQvLHby2aMN758rTHY6C9ufDhS0.Q2XYjwlYcDGSGskObTbYsQwtG', 'nationaltiryaq@gmail.com', 'active', '2020-10-03 20:05:16', NULL, 0),
(19, 0, 'mb009', '$2y$10$3Ry6ePM4PDzH1L7pixGliep5Nr82mdPbKUT6w/aVhC10zu.XeaOKK', 'mub@gmail.com', 'active', '2020-10-06 18:13:52', NULL, 0);

-- --------------------------------------------------------

--
-- Table structure for table `storethemedetails`
--

DROP TABLE IF EXISTS `storethemedetails`;
CREATE TABLE IF NOT EXISTS `storethemedetails` (
  `storeThemeDetailsId` int(11) NOT NULL AUTO_INCREMENT,
  `themeId` int(11) NOT NULL,
  `storeId` int(11) NOT NULL,
  `storeEmployeeId` int(11) NOT NULL,
  `property` enum('slider','gallery','map','features','service','whychooseus','whychooseuslist','testimonial','contact') NOT NULL,
  `json` text,
  `mediaOne` text,
  `mediaOneType` enum('image','video','audio','') NOT NULL DEFAULT '',
  `mediaTwo` text,
  `mediaTwoType` enum('image','video','audio','') NOT NULL DEFAULT '',
  `createdDateTime` datetime NOT NULL,
  `is_visible` int(1) NOT NULL DEFAULT '1',
  PRIMARY KEY (`storeThemeDetailsId`)
) ENGINE=MyISAM AUTO_INCREMENT=43 DEFAULT CHARSET=latin1;

--
-- Dumping data for table `storethemedetails`
--

INSERT INTO `storethemedetails` (`storeThemeDetailsId`, `themeId`, `storeId`, `storeEmployeeId`, `property`, `json`, `mediaOne`, `mediaOneType`, `mediaTwo`, `mediaTwoType`, `createdDateTime`, `is_visible`) VALUES
(27, 1, 6, 16, 'slider', NULL, '5f7c4ce308069.jpg', 'image', NULL, '', '2020-10-06 16:24:27', 1),
(28, 1, 6, 16, 'slider', NULL, '5f7c4cf02de26.jpg', 'image', NULL, '', '2020-10-06 16:24:40', 1),
(29, 1, 6, 16, 'slider', NULL, '5f7c4cf85fec2.jpg', 'image', NULL, '', '2020-10-06 16:24:48', 1),
(30, 1, 6, 16, 'features', '{\"heading\":\"Meeting & Listening\"}', '5f7c4fb0e0b97.jpg', 'image', NULL, '', '2020-10-06 16:36:24', 1),
(31, 1, 6, 16, 'features', '{\"heading\":\"UI\\/UX Design\"}', '5f7c4ff25a482.jpg', 'image', NULL, '', '2020-10-06 16:37:30', 1),
(42, 1, 6, 16, 'testimonial', '{\"name\":\"rashid\",\"content\":\"First, we will have a meeting and listen to your wishes & needs. What you want to get from us\"}', '5f7c63b37954a.png', 'image', NULL, '', '2020-10-06 18:01:47', 0),
(26, 1, 6, 16, 'contact', '{\"location\":\"Malappuram\",\"locationAddress\":\"India,kerala, pin : 676517\",\"site\":\"www.mubashir.com\",\"phone\":\"+919633871889\",\"map\":\"https:\\/\\/www.google.com\\/maps\\/embed?pb=!1m14!1m8!1m3!1d3016.4844015181898!2d-74.562485!3d40.883188!3m2!1i1024!2i768!4f13.1!3m3!1m2!1s0x0:0xe097bba16b99c1aa!2sdover+new+jersey!5e0!3m2!1sar!2sus!4v1551268413307\"}', NULL, '', NULL, '', '2020-10-06 15:03:51', 1),
(32, 1, 6, 16, 'features', '{\"heading\":\"Validation\"}', '5f7c50e0bf9e3.jpg', 'image', NULL, '', '2020-10-06 16:38:13', 1),
(34, 1, 6, 16, 'service', '{\"heading\":\"Meeting & Listening\",\"details\":\"First, we will have a meeting and listen to your wishes & needs. What you want to get from us\"}', '5f7c54442d183.png', 'image', NULL, '', '2020-10-06 16:55:56', 1),
(35, 1, 6, 16, 'service', '{\"heading\":\"Focus On Innovation\",\"details\":\"First, we will have a meeting and listen to your wishes & needs. What you want to get from us\"}', '5f7c5457c1e4d.png', 'image', NULL, '', '2020-10-06 16:56:15', 1),
(36, 1, 6, 16, 'service', '{\"heading\":\"True Partners\",\"details\":\"First, we will have a meeting and listen to your wishes & needs. What you want to get from us\"}', '5f7c54d8241cd.png', 'image', NULL, '', '2020-10-06 16:58:24', 1),
(37, 1, 6, 16, 'whychooseus', '{\"heading\":\"Why Choose Us\",\"subHeading\":\"A choice that makes the difference\"}', '5f7c60509a846.jpg', 'image', NULL, '', '2020-10-06 17:47:20', 1),
(38, 1, 6, 16, 'whychooseuslist', '{\"heading\":\"Meeting & Listening\",\"details\":\"First, we will have a meeting and listen to your wishes & needs. What you want to get from us\"}', '5f7c6281e758a.png', 'image', NULL, '', '2020-10-06 17:56:41', 1),
(39, 1, 6, 16, 'whychooseuslist', '{\"heading\":\"Focus On Innovation\",\"details\":\"First, we will have a meeting and listen to your wishes & needs. What you want to get from us\"}', '5f7c62978400f.png', 'image', NULL, '', '2020-10-06 17:57:03', 1),
(40, 1, 6, 16, 'whychooseuslist', '{\"heading\":\"True Partners\",\"details\":\"First, we will have a meeting and listen to your wishes & needs. What you want to get from us\"}', '5f7c62e05f0e8.png', 'image', NULL, '', '2020-10-06 17:58:16', 1),
(41, 1, 6, 16, 'testimonial', '{\"name\":\"mubashir\",\"content\":\"First, we will have a meeting and listen to your wishes & needs. What you want to get from us\"}', '5f7c6399cf457.png', 'image', NULL, '', '2020-10-06 18:01:21', 1);

-- --------------------------------------------------------

--
-- Table structure for table `theme`
--

DROP TABLE IF EXISTS `theme`;
CREATE TABLE IF NOT EXISTS `theme` (
  `themeId` int(11) NOT NULL,
  `Name` int(11) NOT NULL,
  `themeAssetsPath` int(11) NOT NULL,
  `is_deleted` int(11) NOT NULL
) ENGINE=MyISAM DEFAULT CHARSET=latin1;

-- --------------------------------------------------------

--
-- Table structure for table `zone`
--

DROP TABLE IF EXISTS `zone`;
CREATE TABLE IF NOT EXISTS `zone` (
  `ZoneId` int(10) NOT NULL AUTO_INCREMENT,
  `GlobalCountryCode` varchar(2) COLLATE utf8_bin NOT NULL,
  `zone_name` varchar(35) COLLATE utf8_bin NOT NULL,
  PRIMARY KEY (`ZoneId`),
  KEY `idx_country_code` (`GlobalCountryCode`),
  KEY `idx_zone_name` (`zone_name`)
) ENGINE=MyISAM AUTO_INCREMENT=426 DEFAULT CHARSET=utf8 COLLATE=utf8_bin;

--
-- Dumping data for table `zone`
--

INSERT INTO `zone` (`ZoneId`, `GlobalCountryCode`, `zone_name`) VALUES
(1, 'AD', 'Europe/Andorra'),
(2, 'AE', 'Asia/Dubai'),
(3, 'AF', 'Asia/Kabul'),
(4, 'AG', 'America/Antigua'),
(5, 'AI', 'America/Anguilla'),
(6, 'AL', 'Europe/Tirane'),
(7, 'AM', 'Asia/Yerevan'),
(8, 'AO', 'Africa/Luanda'),
(9, 'AQ', 'Antarctica/McMurdo'),
(10, 'AQ', 'Antarctica/Casey'),
(11, 'AQ', 'Antarctica/Davis'),
(12, 'AQ', 'Antarctica/DumontDUrville'),
(13, 'AQ', 'Antarctica/Mawson'),
(14, 'AQ', 'Antarctica/Palmer'),
(15, 'AQ', 'Antarctica/Rothera'),
(16, 'AQ', 'Antarctica/Syowa'),
(17, 'AQ', 'Antarctica/Troll'),
(18, 'AQ', 'Antarctica/Vostok'),
(19, 'AR', 'America/Argentina/Buenos_Aires'),
(20, 'AR', 'America/Argentina/Cordoba'),
(21, 'AR', 'America/Argentina/Salta'),
(22, 'AR', 'America/Argentina/Jujuy'),
(23, 'AR', 'America/Argentina/Tucuman'),
(24, 'AR', 'America/Argentina/Catamarca'),
(25, 'AR', 'America/Argentina/La_Rioja'),
(26, 'AR', 'America/Argentina/San_Juan'),
(27, 'AR', 'America/Argentina/Mendoza'),
(28, 'AR', 'America/Argentina/San_Luis'),
(29, 'AR', 'America/Argentina/Rio_Gallegos'),
(30, 'AR', 'America/Argentina/Ushuaia'),
(31, 'AS', 'Pacific/Pago_Pago'),
(32, 'AT', 'Europe/Vienna'),
(33, 'AU', 'Australia/Lord_Howe'),
(34, 'AU', 'Antarctica/Macquarie'),
(35, 'AU', 'Australia/Hobart'),
(36, 'AU', 'Australia/Currie'),
(37, 'AU', 'Australia/Melbourne'),
(38, 'AU', 'Australia/Sydney'),
(39, 'AU', 'Australia/Broken_Hill'),
(40, 'AU', 'Australia/Brisbane'),
(41, 'AU', 'Australia/Lindeman'),
(42, 'AU', 'Australia/Adelaide'),
(43, 'AU', 'Australia/Darwin'),
(44, 'AU', 'Australia/Perth'),
(45, 'AU', 'Australia/Eucla'),
(46, 'AW', 'America/Aruba'),
(47, 'AX', 'Europe/Mariehamn'),
(48, 'AZ', 'Asia/Baku'),
(49, 'BA', 'Europe/Sarajevo'),
(50, 'BB', 'America/Barbados'),
(51, 'BD', 'Asia/Dhaka'),
(52, 'BE', 'Europe/Brussels'),
(53, 'BF', 'Africa/Ouagadougou'),
(54, 'BG', 'Europe/Sofia'),
(55, 'BH', 'Asia/Bahrain'),
(56, 'BI', 'Africa/Bujumbura'),
(57, 'BJ', 'Africa/Porto-Novo'),
(58, 'BL', 'America/St_Barthelemy'),
(59, 'BM', 'Atlantic/Bermuda'),
(60, 'BN', 'Asia/Brunei'),
(61, 'BO', 'America/La_Paz'),
(62, 'BQ', 'America/Kralendijk'),
(63, 'BR', 'America/Noronha'),
(64, 'BR', 'America/Belem'),
(65, 'BR', 'America/Fortaleza'),
(66, 'BR', 'America/Recife'),
(67, 'BR', 'America/Araguaina'),
(68, 'BR', 'America/Maceio'),
(69, 'BR', 'America/Bahia'),
(70, 'BR', 'America/Sao_Paulo'),
(71, 'BR', 'America/Campo_Grande'),
(72, 'BR', 'America/Cuiaba'),
(73, 'BR', 'America/Santarem'),
(74, 'BR', 'America/Porto_Velho'),
(75, 'BR', 'America/Boa_Vista'),
(76, 'BR', 'America/Manaus'),
(77, 'BR', 'America/Eirunepe'),
(78, 'BR', 'America/Rio_Branco'),
(79, 'BS', 'America/Nassau'),
(80, 'BT', 'Asia/Thimphu'),
(81, 'BW', 'Africa/Gaborone'),
(82, 'BY', 'Europe/Minsk'),
(83, 'BZ', 'America/Belize'),
(84, 'CA', 'America/St_Johns'),
(85, 'CA', 'America/Halifax'),
(86, 'CA', 'America/Glace_Bay'),
(87, 'CA', 'America/Moncton'),
(88, 'CA', 'America/Goose_Bay'),
(89, 'CA', 'America/Blanc-Sablon'),
(90, 'CA', 'America/Toronto'),
(91, 'CA', 'America/Nipigon'),
(92, 'CA', 'America/Thunder_Bay'),
(93, 'CA', 'America/Iqaluit'),
(94, 'CA', 'America/Pangnirtung'),
(95, 'CA', 'America/Atikokan'),
(96, 'CA', 'America/Winnipeg'),
(97, 'CA', 'America/Rainy_River'),
(98, 'CA', 'America/Resolute'),
(99, 'CA', 'America/Rankin_Inlet'),
(100, 'CA', 'America/Regina'),
(101, 'CA', 'America/Swift_Current'),
(102, 'CA', 'America/Edmonton'),
(103, 'CA', 'America/Cambridge_Bay'),
(104, 'CA', 'America/Yellowknife'),
(105, 'CA', 'America/Inuvik'),
(106, 'CA', 'America/Creston'),
(107, 'CA', 'America/Dawson_Creek'),
(108, 'CA', 'America/Fort_Nelson'),
(109, 'CA', 'America/Vancouver'),
(110, 'CA', 'America/Whitehorse'),
(111, 'CA', 'America/Dawson'),
(112, 'CC', 'Indian/Cocos'),
(113, 'CD', 'Africa/Kinshasa'),
(114, 'CD', 'Africa/Lubumbashi'),
(115, 'CF', 'Africa/Bangui'),
(116, 'CG', 'Africa/Brazzaville'),
(117, 'CH', 'Europe/Zurich'),
(118, 'CI', 'Africa/Abidjan'),
(119, 'CK', 'Pacific/Rarotonga'),
(120, 'CL', 'America/Santiago'),
(121, 'CL', 'America/Punta_Arenas'),
(122, 'CL', 'Pacific/Easter'),
(123, 'CM', 'Africa/Douala'),
(124, 'CN', 'Asia/Shanghai'),
(125, 'CN', 'Asia/Urumqi'),
(126, 'CO', 'America/Bogota'),
(127, 'CR', 'America/Costa_Rica'),
(128, 'CU', 'America/Havana'),
(129, 'CV', 'Atlantic/Cape_Verde'),
(130, 'CW', 'America/Curacao'),
(131, 'CX', 'Indian/Christmas'),
(132, 'CY', 'Asia/Nicosia'),
(133, 'CY', 'Asia/Famagusta'),
(134, 'CZ', 'Europe/Prague'),
(135, 'DE', 'Europe/Berlin'),
(136, 'DE', 'Europe/Busingen'),
(137, 'DJ', 'Africa/Djibouti'),
(138, 'DK', 'Europe/Copenhagen'),
(139, 'DM', 'America/Dominica'),
(140, 'DO', 'America/Santo_Domingo'),
(141, 'DZ', 'Africa/Algiers'),
(142, 'EC', 'America/Guayaquil'),
(143, 'EC', 'Pacific/Galapagos'),
(144, 'EE', 'Europe/Tallinn'),
(145, 'EG', 'Africa/Cairo'),
(146, 'EH', 'Africa/El_Aaiun'),
(147, 'ER', 'Africa/Asmara'),
(148, 'ES', 'Europe/Madrid'),
(149, 'ES', 'Africa/Ceuta'),
(150, 'ES', 'Atlantic/Canary'),
(151, 'ET', 'Africa/Addis_Ababa'),
(152, 'FI', 'Europe/Helsinki'),
(153, 'FJ', 'Pacific/Fiji'),
(154, 'FK', 'Atlantic/Stanley'),
(155, 'FM', 'Pacific/Chuuk'),
(156, 'FM', 'Pacific/Pohnpei'),
(157, 'FM', 'Pacific/Kosrae'),
(158, 'FO', 'Atlantic/Faroe'),
(159, 'FR', 'Europe/Paris'),
(160, 'GA', 'Africa/Libreville'),
(161, 'GB', 'Europe/London'),
(162, 'GD', 'America/Grenada'),
(163, 'GE', 'Asia/Tbilisi'),
(164, 'GF', 'America/Cayenne'),
(165, 'GG', 'Europe/Guernsey'),
(166, 'GH', 'Africa/Accra'),
(167, 'GI', 'Europe/Gibraltar'),
(168, 'GL', 'America/Godthab'),
(169, 'GL', 'America/Danmarkshavn'),
(170, 'GL', 'America/Scoresbysund'),
(171, 'GL', 'America/Thule'),
(172, 'GM', 'Africa/Banjul'),
(173, 'GN', 'Africa/Conakry'),
(174, 'GP', 'America/Guadeloupe'),
(175, 'GQ', 'Africa/Malabo'),
(176, 'GR', 'Europe/Athens'),
(177, 'GS', 'Atlantic/South_Georgia'),
(178, 'GT', 'America/Guatemala'),
(179, 'GU', 'Pacific/Guam'),
(180, 'GW', 'Africa/Bissau'),
(181, 'GY', 'America/Guyana'),
(182, 'HK', 'Asia/Hong_Kong'),
(183, 'HN', 'America/Tegucigalpa'),
(184, 'HR', 'Europe/Zagreb'),
(185, 'HT', 'America/Port-au-Prince'),
(186, 'HU', 'Europe/Budapest'),
(187, 'ID', 'Asia/Jakarta'),
(188, 'ID', 'Asia/Pontianak'),
(189, 'ID', 'Asia/Makassar'),
(190, 'ID', 'Asia/Jayapura'),
(191, 'IE', 'Europe/Dublin'),
(192, 'IL', 'Asia/Jerusalem'),
(193, 'IM', 'Europe/Isle_of_Man'),
(194, 'IN', 'Asia/Kolkata'),
(195, 'IO', 'Indian/Chagos'),
(196, 'IQ', 'Asia/Baghdad'),
(197, 'IR', 'Asia/Tehran'),
(198, 'IS', 'Atlantic/Reykjavik'),
(199, 'IT', 'Europe/Rome'),
(200, 'JE', 'Europe/Jersey'),
(201, 'JM', 'America/Jamaica'),
(202, 'JO', 'Asia/Amman'),
(203, 'JP', 'Asia/Tokyo'),
(204, 'KE', 'Africa/Nairobi'),
(205, 'KG', 'Asia/Bishkek'),
(206, 'KH', 'Asia/Phnom_Penh'),
(207, 'KI', 'Pacific/Tarawa'),
(208, 'KI', 'Pacific/Enderbury'),
(209, 'KI', 'Pacific/Kiritimati'),
(210, 'KM', 'Indian/Comoro'),
(211, 'KN', 'America/St_Kitts'),
(212, 'KP', 'Asia/Pyongyang'),
(213, 'KR', 'Asia/Seoul'),
(214, 'KW', 'Asia/Kuwait'),
(215, 'KY', 'America/Cayman'),
(216, 'KZ', 'Asia/Almaty'),
(217, 'KZ', 'Asia/Qyzylorda'),
(218, 'KZ', 'Asia/Qostanay'),
(219, 'KZ', 'Asia/Aqtobe'),
(220, 'KZ', 'Asia/Aqtau'),
(221, 'KZ', 'Asia/Atyrau'),
(222, 'KZ', 'Asia/Oral'),
(223, 'LA', 'Asia/Vientiane'),
(224, 'LB', 'Asia/Beirut'),
(225, 'LC', 'America/St_Lucia'),
(226, 'LI', 'Europe/Vaduz'),
(227, 'LK', 'Asia/Colombo'),
(228, 'LR', 'Africa/Monrovia'),
(229, 'LS', 'Africa/Maseru'),
(230, 'LT', 'Europe/Vilnius'),
(231, 'LU', 'Europe/Luxembourg'),
(232, 'LV', 'Europe/Riga'),
(233, 'LY', 'Africa/Tripoli'),
(234, 'MA', 'Africa/Casablanca'),
(235, 'MC', 'Europe/Monaco'),
(236, 'MD', 'Europe/Chisinau'),
(237, 'ME', 'Europe/Podgorica'),
(238, 'MF', 'America/Marigot'),
(239, 'MG', 'Indian/Antananarivo'),
(240, 'MH', 'Pacific/Majuro'),
(241, 'MH', 'Pacific/Kwajalein'),
(242, 'MK', 'Europe/Skopje'),
(243, 'ML', 'Africa/Bamako'),
(244, 'MM', 'Asia/Yangon'),
(245, 'MN', 'Asia/Ulaanbaatar'),
(246, 'MN', 'Asia/Hovd'),
(247, 'MN', 'Asia/Choibalsan'),
(248, 'MO', 'Asia/Macau'),
(249, 'MP', 'Pacific/Saipan'),
(250, 'MQ', 'America/Martinique'),
(251, 'MR', 'Africa/Nouakchott'),
(252, 'MS', 'America/Montserrat'),
(253, 'MT', 'Europe/Malta'),
(254, 'MU', 'Indian/Mauritius'),
(255, 'MV', 'Indian/Maldives'),
(256, 'MW', 'Africa/Blantyre'),
(257, 'MX', 'America/Mexico_City'),
(258, 'MX', 'America/Cancun'),
(259, 'MX', 'America/Merida'),
(260, 'MX', 'America/Monterrey'),
(261, 'MX', 'America/Matamoros'),
(262, 'MX', 'America/Mazatlan'),
(263, 'MX', 'America/Chihuahua'),
(264, 'MX', 'America/Ojinaga'),
(265, 'MX', 'America/Hermosillo'),
(266, 'MX', 'America/Tijuana'),
(267, 'MX', 'America/Bahia_Banderas'),
(268, 'MY', 'Asia/Kuala_Lumpur'),
(269, 'MY', 'Asia/Kuching'),
(270, 'MZ', 'Africa/Maputo'),
(271, 'NA', 'Africa/Windhoek'),
(272, 'NC', 'Pacific/Noumea'),
(273, 'NE', 'Africa/Niamey'),
(274, 'NF', 'Pacific/Norfolk'),
(275, 'NG', 'Africa/Lagos'),
(276, 'NI', 'America/Managua'),
(277, 'NL', 'Europe/Amsterdam'),
(278, 'NO', 'Europe/Oslo'),
(279, 'NP', 'Asia/Kathmandu'),
(280, 'NR', 'Pacific/Nauru'),
(281, 'NU', 'Pacific/Niue'),
(282, 'NZ', 'Pacific/Auckland'),
(283, 'NZ', 'Pacific/Chatham'),
(284, 'OM', 'Asia/Muscat'),
(285, 'PA', 'America/Panama'),
(286, 'PE', 'America/Lima'),
(287, 'PF', 'Pacific/Tahiti'),
(288, 'PF', 'Pacific/Marquesas'),
(289, 'PF', 'Pacific/Gambier'),
(290, 'PG', 'Pacific/Port_Moresby'),
(291, 'PG', 'Pacific/Bougainville'),
(292, 'PH', 'Asia/Manila'),
(293, 'PK', 'Asia/Karachi'),
(294, 'PL', 'Europe/Warsaw'),
(295, 'PM', 'America/Miquelon'),
(296, 'PN', 'Pacific/Pitcairn'),
(297, 'PR', 'America/Puerto_Rico'),
(298, 'PS', 'Asia/Gaza'),
(299, 'PS', 'Asia/Hebron'),
(300, 'PT', 'Europe/Lisbon'),
(301, 'PT', 'Atlantic/Madeira'),
(302, 'PT', 'Atlantic/Azores'),
(303, 'PW', 'Pacific/Palau'),
(304, 'PY', 'America/Asuncion'),
(305, 'QA', 'Asia/Qatar'),
(306, 'RE', 'Indian/Reunion'),
(307, 'RO', 'Europe/Bucharest'),
(308, 'RS', 'Europe/Belgrade'),
(309, 'RU', 'Europe/Kaliningrad'),
(310, 'RU', 'Europe/Moscow'),
(311, 'UA', 'Europe/Simferopol'),
(312, 'RU', 'Europe/Kirov'),
(313, 'RU', 'Europe/Astrakhan'),
(314, 'RU', 'Europe/Volgograd'),
(315, 'RU', 'Europe/Saratov'),
(316, 'RU', 'Europe/Ulyanovsk'),
(317, 'RU', 'Europe/Samara'),
(318, 'RU', 'Asia/Yekaterinburg'),
(319, 'RU', 'Asia/Omsk'),
(320, 'RU', 'Asia/Novosibirsk'),
(321, 'RU', 'Asia/Barnaul'),
(322, 'RU', 'Asia/Tomsk'),
(323, 'RU', 'Asia/Novokuznetsk'),
(324, 'RU', 'Asia/Krasnoyarsk'),
(325, 'RU', 'Asia/Irkutsk'),
(326, 'RU', 'Asia/Chita'),
(327, 'RU', 'Asia/Yakutsk'),
(328, 'RU', 'Asia/Khandyga'),
(329, 'RU', 'Asia/Vladivostok'),
(330, 'RU', 'Asia/Ust-Nera'),
(331, 'RU', 'Asia/Magadan'),
(332, 'RU', 'Asia/Sakhalin'),
(333, 'RU', 'Asia/Srednekolymsk'),
(334, 'RU', 'Asia/Kamchatka'),
(335, 'RU', 'Asia/Anadyr'),
(336, 'RW', 'Africa/Kigali'),
(337, 'SA', 'Asia/Riyadh'),
(338, 'SB', 'Pacific/Guadalcanal'),
(339, 'SC', 'Indian/Mahe'),
(340, 'SD', 'Africa/Khartoum'),
(341, 'SE', 'Europe/Stockholm'),
(342, 'SG', 'Asia/Singapore'),
(343, 'SH', 'Atlantic/St_Helena'),
(344, 'SI', 'Europe/Ljubljana'),
(345, 'SJ', 'Arctic/Longyearbyen'),
(346, 'SK', 'Europe/Bratislava'),
(347, 'SL', 'Africa/Freetown'),
(348, 'SM', 'Europe/San_Marino'),
(349, 'SN', 'Africa/Dakar'),
(350, 'SO', 'Africa/Mogadishu'),
(351, 'SR', 'America/Paramaribo'),
(352, 'SS', 'Africa/Juba'),
(353, 'ST', 'Africa/Sao_Tome'),
(354, 'SV', 'America/El_Salvador'),
(355, 'SX', 'America/Lower_Princes'),
(356, 'SY', 'Asia/Damascus'),
(357, 'SZ', 'Africa/Mbabane'),
(358, 'TC', 'America/Grand_Turk'),
(359, 'TD', 'Africa/Ndjamena'),
(360, 'TF', 'Indian/Kerguelen'),
(361, 'TG', 'Africa/Lome'),
(362, 'TH', 'Asia/Bangkok'),
(363, 'TJ', 'Asia/Dushanbe'),
(364, 'TK', 'Pacific/Fakaofo'),
(365, 'TL', 'Asia/Dili'),
(366, 'TM', 'Asia/Ashgabat'),
(367, 'TN', 'Africa/Tunis'),
(368, 'TO', 'Pacific/Tongatapu'),
(369, 'TR', 'Europe/Istanbul'),
(370, 'TT', 'America/Port_of_Spain'),
(371, 'TV', 'Pacific/Funafuti'),
(372, 'TW', 'Asia/Taipei'),
(373, 'TZ', 'Africa/Dar_es_Salaam'),
(374, 'UA', 'Europe/Kiev'),
(375, 'UA', 'Europe/Uzhgorod'),
(376, 'UA', 'Europe/Zaporozhye'),
(377, 'UG', 'Africa/Kampala'),
(378, 'UM', 'Pacific/Midway'),
(379, 'UM', 'Pacific/Wake'),
(380, 'US', 'America/New_York'),
(381, 'US', 'America/Detroit'),
(382, 'US', 'America/Kentucky/Louisville'),
(383, 'US', 'America/Kentucky/Monticello'),
(384, 'US', 'America/Indiana/Indianapolis'),
(385, 'US', 'America/Indiana/Vincennes'),
(386, 'US', 'America/Indiana/Winamac'),
(387, 'US', 'America/Indiana/Marengo'),
(388, 'US', 'America/Indiana/Petersburg'),
(389, 'US', 'America/Indiana/Vevay'),
(390, 'US', 'America/Chicago'),
(391, 'US', 'America/Indiana/Tell_City'),
(392, 'US', 'America/Indiana/Knox'),
(393, 'US', 'America/Menominee'),
(394, 'US', 'America/North_Dakota/Center'),
(395, 'US', 'America/North_Dakota/New_Salem'),
(396, 'US', 'America/North_Dakota/Beulah'),
(397, 'US', 'America/Denver'),
(398, 'US', 'America/Boise'),
(399, 'US', 'America/Phoenix'),
(400, 'US', 'America/Los_Angeles'),
(401, 'US', 'America/Anchorage'),
(402, 'US', 'America/Juneau'),
(403, 'US', 'America/Sitka'),
(404, 'US', 'America/Metlakatla'),
(405, 'US', 'America/Yakutat'),
(406, 'US', 'America/Nome'),
(407, 'US', 'America/Adak'),
(408, 'US', 'Pacific/Honolulu'),
(409, 'UY', 'America/Montevideo'),
(410, 'UZ', 'Asia/Samarkand'),
(411, 'UZ', 'Asia/Tashkent'),
(412, 'VA', 'Europe/Vatican'),
(413, 'VC', 'America/St_Vincent'),
(414, 'VE', 'America/Caracas'),
(415, 'VG', 'America/Tortola'),
(416, 'VI', 'America/St_Thomas'),
(417, 'VN', 'Asia/Ho_Chi_Minh'),
(418, 'VU', 'Pacific/Efate'),
(419, 'WF', 'Pacific/Wallis'),
(420, 'WS', 'Pacific/Apia'),
(421, 'YE', 'Asia/Aden'),
(422, 'YT', 'Indian/Mayotte'),
(423, 'ZA', 'Africa/Johannesburg'),
(424, 'ZM', 'Africa/Lusaka'),
(425, 'ZW', 'Africa/Harare');
COMMIT;

/*!40101 SET CHARACTER_SET_CLIENT=@OLD_CHARACTER_SET_CLIENT */;
/*!40101 SET CHARACTER_SET_RESULTS=@OLD_CHARACTER_SET_RESULTS */;
/*!40101 SET COLLATION_CONNECTION=@OLD_COLLATION_CONNECTION */;
